id,title,year,tier,software_detected,method_candidates,ResearchTask_labels,Method_labels,Software_labels
https://openalex.org/W3096733662,Contrasting signatures of genomic divergence during sympatric speciation,2020,tier1,,,Gene Flow Analysis|Adaptation Inference,,
https://openalex.org/W3150028644,Molluscan mitochondrial genomes break the rules,2021,tier1,,,Phylogeny Inference,,
https://openalex.org/W3157220246,Genomic insights into the conservation status of the world’s last remaining Sumatran rhinoceros populations,2021,tier2,,,Adaptation Inference,,
https://openalex.org/W3007358977,The persimmon genome reveals clues to the evolution of a lineage-specific sex determination system in plants,2020,tier1,,,,,
https://openalex.org/W3094526233,Taxonomy and Phylogenetic Research on Ralstonia solanacearum Species Complex: A Complex Pathogen with Extraordinary Economic Consequences,2020,tier2,,,Phylogeny Inference,,
https://openalex.org/W4281383093,Analysis of 6.4 million SARS-CoV-2 genomes identifies mutations associated with fitness,2022,tier2,,,Adaptation Inference,Bayesian Inference,
https://openalex.org/W3206764122,Diversity and ecology of protists revealed by metabarcoding,2021,tier1,,,Population Structure Analysis,,
https://openalex.org/W3113917743,Strongly deleterious mutations are a primary determinant of extinction risk due to inbreeding depression,2020,tier2,,,Demographic History Inference,Simulation-based Inference,
https://openalex.org/W3010826188,Horizontal transfer and evolution of transposable elements in vertebrates,2020,tier1,,,Gene Flow Analysis|Selection Detection,,
https://openalex.org/W3014405512,Multiple chromosomal inversions contribute to adaptive divergence of a dune sunflower ecotype,2020,tier1,STRUCTURE,,Adaptation Inference,,STRUCTURE
https://openalex.org/W4306411852,Chromosomal inversion polymorphisms shape the genomic landscape of deer mice,2022,tier1,STRUCTURE,,Adaptation Inference|Population Structure Analysis,,STRUCTURE
https://openalex.org/W2999294700,Comparative Analyses of Vertebrate Gut Microbiomes Reveal Convergence between Birds and Bats,2020,tier2,,,Comparative Methods|Adaptation Inference,,
https://openalex.org/W3035786310,Rampant C→U Hypermutation in the Genomes of SARS-CoV-2 and Other Coronaviruses: Causes and Consequences for Their Short- and Long-Term Evolutionary Trajectories,2020,tier2,,,Adaptation Inference,,
https://openalex.org/W3006426838,Reconstructing the evolutionary history of nitrogenases: Evidence for ancestral molybdenum‐cofactor utilization,2020,tier2,,,Phylogeny Inference|Trait Evolution Analysis,,
https://openalex.org/W3005383663,The Multispecies Coalescent Model Outperforms Concatenation Across Diverse Phylogenomic Data Sets,2020,tier1,,,Phylogeny Inference,Coalescent-based Model,
https://openalex.org/W3004584205,Patterns of somatic structural variation in human cancer genomes,2020,tier2,STRUCTURE,,,,STRUCTURE
https://openalex.org/W4319068304,Human-specific genetics: new tools to explore the molecular and cellular basis of human evolution,2023,tier1,,,,,
https://openalex.org/W3039975896,Undinarchaeota illuminate DPANN phylogeny and the impact of gene transfer on archaeal evolution,2020,tier1,,,Phylogeny Inference|Gene Flow Analysis,,
https://openalex.org/W3147222942,Temporal dynamics of SARS-CoV-2 mutation accumulation within and across infected hosts,2021,tier1,,,,,
https://openalex.org/W4387823059,Genomics for monitoring and understanding species responses to global climate change,2023,tier2,,,,,
https://openalex.org/W3035842044,Lineage dynamics of the endosymbiotic cell type in the soft coral Xenia,2020,tier2,,,,,
https://openalex.org/W3087081867,A Field Guide to Eukaryotic Transposable Elements,2020,tier1,,,,,
https://openalex.org/W3152442338,Extensive microbial diversity within the chicken gut microbiome revealed by metagenomics and culture,2021,tier2,,,,,
https://openalex.org/W4385945347,The specious art of single-cell genomics,2023,tier2,,,,,
https://openalex.org/W4210886322,"Plant GATA Factors: Their Biology, Phylogeny, and Phylogenomics",2022,tier2,,,Phylogeny Inference,,
https://openalex.org/W3041043209,Towards the completion of speciation: the evolution of reproductive isolation beyond the first barriers,2020,tier2,,,Speciation,,
https://openalex.org/W3080458156,Host selection shapes crop microbiome assembly and network complexity,2020,tier2,,,Population Structure Analysis,,
https://openalex.org/W3013655101,Ghost Introgression: Spooky Gene Flow in the Distant Past,2020,tier1,,,Hybridization / Introgression Detection,,
https://openalex.org/W4307336954,Polyploidy: its consequences and enabling role in plant diversification and evolution,2022,tier1,,,Trait Evolution Analysis,,
https://openalex.org/W3213067154,Origins and evolution of extreme life span in Pacific Ocean rockfishes,2021,tier1,,,Adaptation Inference,,
https://openalex.org/W3135409471,"Genomic Characterization of a Novel SARS-CoV-2 Lineage from Rio de Janeiro, Brazil",2021,tier1,,,Phylogeny Inference,,
https://openalex.org/W3163112933,Incorporating the speciation process into species delimitation,2021,tier1,STRUCTURE,,Species Delimitation|Gene Flow Analysis,Coalescent-based Model,STRUCTURE
https://openalex.org/W4200602261,"Whole-Genome Resequencing of Worldwide Wild and Domestic Sheep Elucidates Genetic Diversity, Introgression, and Agronomically Important Loci",2021,tier2,,,Adaptation Inference|Hybridization / Introgression Detection,,
https://openalex.org/W3039323082,Genomic analysis of the domestication and post-Spanish conquest evolution of the llama and alpaca,2020,tier1,,,Hybridization / Introgression Detection|Phylogeny Inference,,
https://openalex.org/W3157163834,Genetic impacts on DNA methylation: research findings and future perspectives,2021,tier1,,,,,
https://openalex.org/W3182097799,The crucial role of genome-wide genetic variation in conservation,2021,tier2,,,,,
https://openalex.org/W3134064557,Deleterious mutation accumulation and the long-term fate of chromosomal inversions,2021,tier2,,,Adaptation Inference,,
https://openalex.org/W3009980214,What is ancestry?,2020,tier1,STRUCTURE,,Population Structure Analysis,,STRUCTURE
https://openalex.org/W3033913804,Earth microbial co-occurrence network reveals interconnection pattern across microbiomes,2020,tier2,STRUCTURE,,Population Structure Analysis,,STRUCTURE
https://openalex.org/W3015444032,Phylogenetic network analysis of SARS-CoV-2 genomes,2020,tier1,,,Phylogeny Inference,Network Phylogenetics,
https://openalex.org/W4367173724,A genomic timescale for placental mammal evolution,2023,tier1,,,Phylogeny Inference|Divergence Time Estimation,Coalescent-based Model,
https://openalex.org/W3111726075,Identification and Characterization of 33 Bacillus cereus sensu lato Isolates from Agricultural Fields from Eleven Widely Distributed Countries by Whole Genome Sequencing,2020,tier2,,,Phylogeny Inference,,
https://openalex.org/W3008570337,Understanding the human antibody repertoire,2020,tier1,STRUCTURE,,Adaptation Inference,,
https://openalex.org/W3011141248,Comparing the Performance of Microsatellites and RADseq in Population Genetic Studies: Analysis of Data for Pike (Esox lucius) and a Synthesis of Previous Studies,2020,tier1,STRUCTURE,,Population Structure Analysis|Selection Detection,,
https://openalex.org/W4297888171,EukProt: A database of genome-scale predicted proteins across the diversity of eukaryotes,2022,tier2,,,Phylogeny Inference,,
https://openalex.org/W3033825041,Analysis of 1321 Eubacterium rectale genomes from metagenomes uncovers complex phylogeographic population structure and subspecies functional adaptations,2020,tier1,STRUCTURE,,Population Structure Analysis|Biogeography,,
https://openalex.org/W4312093588,The molecular evolution of spermatogenesis across mammals,2022,tier2,,,Trait Evolution Analysis,,
https://openalex.org/W3163053647,Phylogenomic Subsampling and the Search for Phylogenetically Reliable Loci,2021,tier2,,,Phylogeny Inference,,
https://openalex.org/W3109790889,Selection enhances protein evolvability by increasing mutational robustness and foldability,2020,tier2,,,Adaptation Inference,,
https://openalex.org/W3210280275,"Microchromosomes are building blocks of bird, reptile, and mammal chromosomes",2021,tier1,,,,,
https://openalex.org/W3042698870,Assembly of the threespine stickleback Y chromosome reveals convergent signatures of sex chromosome evolution,2020,tier2,,,,,
https://openalex.org/W3029105628,Deep Roots and Splendid Boughs of the Global Plant Virome,2020,tier1,,,,,
https://openalex.org/W3097658527,"Many, but not all, lineage-specific genes can be explained by homology detection failure",2020,tier1,,,,,
https://openalex.org/W4220762623,Taming transposable elements in vertebrates: from epigenetic silencing to domestication,2022,tier1,,,,,
https://openalex.org/W3044927940,Khoe-San Genomes Reveal Unique Variation and Confirm the Deepest Population Divergence in Homo sapiens,2020,tier1,ADMIXTURE,,Population Structure Analysis|Adaptation Inference|Demographic History Inference,,ADMIXTURE
https://openalex.org/W3086997270,Genus-Wide Characterization of Bumblebee Genomes Provides Insights into Their Evolution and Variation in Ecological and Behavioral Traits,2020,tier1,,,Phylogeny Inference|Trait Evolution Analysis|Selection Detection,,
https://openalex.org/W3019171991,Extensive Ethnolinguistic Diversity in Vietnam Reflects Multiple Sources of Genetic Diversity,2020,tier1,,,Population Structure Analysis|Gene Flow Analysis,,
https://openalex.org/W3010528608,Sources of epigenetic variation and their applications in natural populations,2020,tier2,,,,,
https://openalex.org/W3125528398,Giant lungfish genome elucidates the conquest of land by vertebrates,2021,tier1,,,Phylogeny Inference|Adaptation Inference,,
https://openalex.org/W3119409956,"Morphological approaches in studying fungi: collection, examination, isolation, sporulation and preservation",2020,tier2,,,,,
https://openalex.org/W3007669493,Exploration of Plastid Phylogenomic Conflict Yields New Insights into the Deep Relationships of Leguminosae,2020,tier1,,,Phylogeny Inference,Maximum Likelihood,
https://openalex.org/W3004860286,A multigene phylogeny and timeline for Trichoptera (Insecta),2020,tier2,BEAST,Bayesian Inference,Phylogeny Inference|Divergence Time Estimation,Bayesian Inference|Birth–Death Model,BEAST
https://openalex.org/W4295078843,GENESPACE tracks regions of interest and gene copy number variation across multiple genomes,2022,tier2,STRUCTURE,,,,
https://openalex.org/W3139353203,"Glucocorticoids, the evolution of the stress-response, and the primate predicament",2021,tier1,,,,,
https://openalex.org/W4378977815,Phylogenomic analyses provide insights into primate evolution,2023,tier1,,,Phylogeny Inference|Selection Detection,,
https://openalex.org/W3174638824,Long Reads Are Revolutionizing 20 Years of Insect Genome Sequencing,2021,tier1,,,,,
https://openalex.org/W3047720445,The study of host–microbiome (co)evolution across levels of selection,2020,tier1,,,Adaptation Inference,,
https://openalex.org/W3128734195,"Phylotranscriptomic insights into Asteraceae diversity, polyploidy, and morphological innovation",2021,tier1,,,Phylogeny Inference|Divergence Time Estimation|Comparative Methods,,
https://openalex.org/W3021936614,New Methods to Calculate Concordance Factors for Phylogenomic Datasets,2020,tier1,IQ-TREE,Maximum Likelihood,Phylogeny Inference,Maximum Likelihood,IQ-TREE
https://openalex.org/W3015749488,The Scaly-foot Snail genome and implications for the origins of biomineralised armour,2020,tier1,,,,,
https://openalex.org/W4229040376,Evolution of the human pathogenic lifestyle in fungi,2022,tier2,,,Adaptation Inference,,
https://openalex.org/W3027489835,The ‘biomineralization toolkit’ and the origin of animal skeletons,2020,tier1,,,Phylogeny Inference|Trait Evolution Analysis,,
https://openalex.org/W3084471312,Transposable Elements and the Evolution of Insects,2020,tier1,,,Trait Evolution Analysis,,
https://openalex.org/W4388772500,Bacterial genome size and gene functional diversity negatively correlate with taxonomic diversity along a pH gradient,2023,tier2,,,,,
https://openalex.org/W4399121795,The complete sequence and comparative analysis of ape sex chromosomes,2024,tier2,,,Selection Detection,,
https://openalex.org/W3042071345,The importance of intrinsic postzygotic barriers throughout the speciation process,2020,tier2,,,Speciation,,
https://openalex.org/W3173519049,"Roseobacters in a Sea of Poly- and Paraphyly: Whole Genome-Based Taxonomy of the Family Rhodobacteraceae and the Proposal for the Split of the “Roseobacter Clade” Into a Novel Family, Roseobacteraceae fam. nov.",2021,tier2,,,Phylogeny Inference,,
https://openalex.org/W4295749382,Epistasis and Adaptation on Fitness Landscapes,2022,tier2,,,Adaptation Inference,,
https://openalex.org/W4224078476,Cryptic and abundant marine viruses at the evolutionary origins of Earth’s RNA virome,2022,tier1,,,Phylogeny Inference|Biogeography,,
https://openalex.org/W3195084458,Dynamic changes in genomic and social structures in third millennium BCE central Europe,2021,tier2,,,Population Structure Analysis,,
https://openalex.org/W4310191493,An updated classification of cyanobacterial orders and families based on phylogenomic and polyphasic analysis,2022,tier1,,,Phylogeny Inference|Taxonomy (biology),,
https://openalex.org/W3092093148,Understanding 'Non-genetic' Inheritance: Insights from Molecular-Evolutionary Crosstalk,2020,tier2,,,,,
https://openalex.org/W4297996490,Divergent evolutionary trajectories of bryophytes and tracheophytes from a complex common ancestor of land plants,2022,tier1,,,Phylogeny Inference|Divergence Time Estimation,,
https://openalex.org/W3082138732,Eighteen Coral Genomes Reveal the Evolutionary Origin of <i>Acropora</i> Strategies to Accommodate Environmental Changes,2020,tier2,,,Adaptation Inference|Divergence Time Estimation,,
https://openalex.org/W3154626741,How does epigenetics influence the course of evolution?,2021,tier2,,,Trait Evolution Analysis,,
https://openalex.org/W3125813619,A framework for understanding gene expression plasticity and its influence on stress tolerance,2021,tier2,,,Adaptation Inference,,
https://openalex.org/W3111336046,Phylogenetic analysis of SARS-CoV-2 in Boston highlights the impact of superspreading events,2020,tier1,,,Phylogeny Inference,,
https://openalex.org/W3200103613,"GTDB: an ongoing census of bacterial and archaeal diversity through a phylogenetically consistent, rank normalized and complete genome-based taxonomy",2021,tier1,,,Phylogeny Inference,,
https://openalex.org/W3034734463,Insights into eukaryogenesis from the fossil record,2020,tier2,,,,,
https://openalex.org/W3145217038,Understanding the Origins of Loss of Protein Function by Analyzing the Effects of Thousands of Variants on Activity and Abundance,2021,tier2,,,Adaptation Inference,,
https://openalex.org/W3128457606,Phylogenomics of Mycobacterium africanum reveals a new lineage and a complex evolutionary history,2021,tier1,,,Phylogeny Inference|Demographic History Inference,,
https://openalex.org/W3096084589,Full genome viral sequences inform patterns of SARS-CoV-2 spread into and within Israel,2020,tier2,,,Phylogeny Inference|Demographic History Inference,,
https://openalex.org/W3016709954,Deeply conserved synteny resolves early events in vertebrate evolution,2020,tier1,,,Phylogeny Inference,,
https://openalex.org/W3099150310,When everything changes at once: finding a new normal after genome duplication,2020,tier1,,,Adaptation Inference,,
https://openalex.org/W3014059824,Global genome diversity of the Leishmania donovani complex,2020,tier2,,,Population Structure Analysis,,
https://openalex.org/W4367173653,Evolutionary constraint and innovation across hundreds of placental mammals,2023,tier2,,,Comparative Methods,,
https://openalex.org/W3035336855,"Ancient genomes reveal complex patterns of population movement, interaction, and replacement in sub-Saharan Africa",2020,tier2,,,Demographic History Inference,,
https://openalex.org/W2997889425,Life-History Evolution and the Genetics of Fitness Components in<i>Drosophila melanogaster</i>,2020,tier1,,,Adaptation Inference|Trait Evolution Analysis,,
https://openalex.org/W3002583775,Building near-complete plant genomes,2020,tier2,,,,,
https://openalex.org/W3041243944,Asterid Phylogenomics/Phylotranscriptomics Uncover Morphological Evolutionary Histories and Support Phylogenetic Placement for Numerous Whole-Genome Duplications,2020,tier1,,,Phylogeny Inference|Divergence Time Estimation|Trait Evolution Analysis,,
https://openalex.org/W3014884007,MitoFinder: Efficient automated large‐scale extraction of mitogenomic data in target enrichment phylogenomics,2020,tier2,,,Phylogeny Inference,,
https://openalex.org/W3194717314,Ancient and modern genomes unravel the evolutionary history of the rhinoceros family,2021,tier1,,,Phylogeny Inference|Demographic History Inference,,
https://openalex.org/W4390705788,Elevated genetic risk for multiple sclerosis emerged in steppe pastoralist populations,2024,tier2,,,Demographic History Inference|Selection Detection,,
https://openalex.org/W4210660522,The importance of alternative splicing in adaptive evolution,2022,tier1,,,Adaptation Inference,,
https://openalex.org/W3098182612,A Phylodynamic Workflow to Rapidly Gain Insights into the Dispersal History and Dynamics of SARS-CoV-2 Lineages,2020,tier2,,,Biogeography,,
https://openalex.org/W3088464242,Thermal adaptation revisited: How conserved are thermal traits of reptiles and amphibians?,2020,tier1,,,Adaptation Inference|Trait Evolution Analysis,,
https://openalex.org/W4205408709,Green plant genomes: What we know in an era of rapidly expanding opportunities,2022,tier2,,,,,
https://openalex.org/W3047721483,Compartmentalization drives the evolution of symbiotic cooperation,2020,tier2,,,Adaptation Inference,,
https://openalex.org/W3130788486,Haplotype-resolved diverse human genomes and integrated analysis of structural variation,2021,tier2,,,Population Structure Analysis,,
https://openalex.org/W3134169387,Extensive Genome-Wide Phylogenetic Discordance Is Due to Incomplete Lineage Sorting and Not Ongoing Introgression in a Rapidly Radiated Bryophyte Genus,2021,tier1,,,Phylogeny Inference|Hybridization / Introgression Detection,,
https://openalex.org/W4294666709,What is reproductive isolation?,2022,tier1,,,,,
https://openalex.org/W4224943843,Phylogeny-Aware Analysis of Metagenome Community Ecology Based on Matched Reference Genomes while Bypassing Taxonomy,2022,tier2,STRUCTURE,,,,STRUCTURE
https://openalex.org/W3185309958,Testing genome skimming for species discrimination in the large and taxonomically difficult genus <i>Rhododendron</i>,2021,tier1,,,Species Delimitation,,
https://openalex.org/W3131947824,Transmission of SARS-CoV-2 in domestic cats imposes a narrow bottleneck,2021,tier2,,,Adaptation Inference|Selection Detection,,
https://openalex.org/W4309233014,Cross-trait assortative mating is widespread and inflates genetic correlation estimates,2022,tier2,,,Trait Evolution Analysis,,
https://openalex.org/W3031702689,Ancient genome-wide DNA from France highlights the complexity of interactions between Mesolithic hunter-gatherers and Neolithic farmers,2020,tier2,,,Demographic History Inference,,
https://openalex.org/W3025295657,"Genomic Epidemiology, Evolution, and Transmission Dynamics of Porcine Deltacoronavirus",2020,tier1,,,Phylogeny Inference|Adaptation Inference|Biogeography,,
https://openalex.org/W3108785720,The role of the microbiota in human genetic adaptation,2020,tier2,,,Adaptation Inference,,
https://openalex.org/W3098683386,Massive gene presence-absence variation shapes an open pan-genome in the Mediterranean mussel,2020,tier1,,,,,
https://openalex.org/W3158042772,The evolution of mammalian brain size,2021,tier2,,,Trait Evolution Analysis,,
https://openalex.org/W3006857885,A willow sex chromosome reveals convergent evolution of complex palindromic repeats,2020,tier1,STRUCTURE,,Adaptation Inference,,
https://openalex.org/W3067773676,Ancestral Absence of Electron Transport Chains in Patescibacteria and DPANN,2020,tier2,,,Phylogeny Inference,,
https://openalex.org/W2964962118,An introduction to phylosymbiosis,2020,tier1,,,,,
https://openalex.org/W3124071923,Spatial patterns and conservation of genetic and phylogenetic diversity of wildlife in China,2021,tier2,,,,,
https://openalex.org/W3149310107,High social status males experience accelerated epigenetic aging in wild baboons,2021,tier2,,,,,
https://openalex.org/W3048434366,An Unbiased Molecular Approach Using 3′-UTRs Resolves the Avian Family-Level Tree of Life,2020,tier1,,,Phylogeny Inference,,
https://openalex.org/W3026316627,"Genomic Analysis of European Drosophila melanogaster Populations Reveals Longitudinal Structure, Continent-Wide Selection, and Previously Unknown DNA Viruses",2020,tier1,STRUCTURE,,Population Structure Analysis|Selection Detection|Adaptation Inference,,
https://openalex.org/W3007157408,"Complex Evolution of Insect Insulin Receptors and Homologous Decoy Receptors, and Functional Significance of Their Multiplicity",2020,tier2,,,Phylogeny Inference|Trait Evolution Analysis,,
https://openalex.org/W3158735354,A rooted phylogeny resolves early bacterial evolution,2021,tier1,,,Phylogeny Inference,,
https://openalex.org/W3018187768,Seeing the rainbow: mechanisms underlying spectral sensitivity in teleost fishes,2020,tier2,,,Trait Evolution Analysis,,
https://openalex.org/W3006759334,The systematics of the Cervidae: a total evidence approach,2020,tier2,,,Phylogeny Inference,,
https://openalex.org/W3041011883,Speciation through chromosomal fusion and fission in Lepidoptera,2020,tier2,,,Speciation|Comparative Methods,,
https://openalex.org/W4385278816,ITS alchemy: On the use of ITS as a DNA marker in fungal ecology,2023,tier2,,,Species Delimitation,,
https://openalex.org/W4285093403,A super pan-genomic landscape of rice,2022,tier2,,,Adaptation Inference,,
https://openalex.org/W3034747402,Disparities in the analysis of morphological disparity,2020,tier2,,,Trait Evolution Analysis,,
https://openalex.org/W3001749974,"Asian water buffalo: domestication, history and genetics",2020,tier2,STRUCTURE,,Demographic History Inference|Gene Flow Analysis,,STRUCTURE
https://openalex.org/W4293051598,Genotype–environment associations to reveal the molecular basis of environmental adaptation,2022,tier2,,,Adaptation Inference,,
https://openalex.org/W3004122056,101 Dothideomycetes genomes: A test case for predicting lifestyles and emergence of pathogens,2020,tier2,,,Phylogeny Inference|Adaptation Inference,,
https://openalex.org/W4405670661,MEGA12: Molecular Evolutionary Genetic Analysis Version 12 for Adaptive and Green Computing,2024,tier2,,,Phylogeny Inference,Maximum Likelihood,
https://openalex.org/W3009260711,The sex with the reduced sex chromosome dies earlier: a comparison across the tree of life,2020,tier2,,,Comparative Methods,,
https://openalex.org/W3014884580,Dynamic genome evolution and complex virocell metabolism of globally-distributed giant viruses,2020,tier2,,,Phylogeny Inference,,
https://openalex.org/W4287730743,Local Adaptation: Causal Agents of Selection and Adaptive Trait Divergence,2022,tier2,,,Adaptation Inference,,
https://openalex.org/W3040417581,"Measuring Genome Sizes Using Read-Depth, k-mers, and Flow Cytometry: Methodological Comparisons in Beetles (Coleoptera)",2020,tier2,,,,,
https://openalex.org/W4319812547,"Taxon-specific, phased siRNAs underlie a speciation locus in monkeyflowers",2023,tier2,,,Speciation|Adaptation Inference,,
https://openalex.org/W4296032784,Codiversification of gut microbiota with humans,2022,tier2,,,Gene Flow Analysis,,
https://openalex.org/W3010767342,The Effects of Temperature on Animal Gut Microbiomes,2020,tier2,,,,,
https://openalex.org/W4309766482,Phylogenomics and the flowering plant tree of life,2022,tier1,,,Phylogeny Inference,,
https://openalex.org/W3120875795,Assessing the performance of qpAdm: a statistical tool for studying population admixture,2021,tier2,ADMIXTURE,,Population Structure Analysis,,ADMIXTURE
https://openalex.org/W3080711553,"Transient receptor potential channels: current perspectives on evolution, structure, function and nomenclature",2020,tier2,STRUCTURE,,Phylogeny Inference,,STRUCTURE
https://openalex.org/W3120422619,Applied aspects of methods to infer phylogenetic relationships amongst fungi,2020,tier2,,,Phylogeny Inference,,
https://openalex.org/W4386316880,Genomic inference of a severe human bottleneck during the Early to Middle Pleistocene transition,2023,tier1,,,Demographic History Inference,Coalescent-based Model,
https://openalex.org/W3075891525,Disentangling Sources of Gene Tree Discordance in Phylogenomic Data Sets: Testing Ancient Hybridizations in Amaranthaceae s.l,2020,tier1,,,Hybridization / Introgression Detection|Phylogeny Inference,Coalescent-based Model|Network Phylogenetics,
https://openalex.org/W3015494257,"Analysis of 1,000+ Type-Strain Genomes Substantially Improves Taxonomic Classification of Alphaproteobacteria",2020,tier2,,,Phylogeny Inference,,
https://openalex.org/W3196034458,Quantifying the relationship between genetic diversity and population size suggests natural selection cannot explain Lewontin’s Paradox,2021,tier1,,,Selection Detection|Comparative Methods,Phylogenetic Comparative Methods (PCM),
https://openalex.org/W3146958471,Global epistasis emerges from a generic model of a complex trait,2021,tier1,,,Trait Evolution Analysis,,
https://openalex.org/W3083864964,Estimating the quality of eukaryotic genomes recovered from metagenomic analysis with EukCC,2020,tier1,,,,,
https://openalex.org/W3035367124,Variation in recombination rate affects detection of outliers in genome scans under neutrality,2020,tier2,,,Selection Detection,,
https://openalex.org/W3213410277,Phylogenomic approaches to detecting and characterizing introgression,2021,tier1,,,Hybridization / Introgression Detection,,
https://openalex.org/W3007052684,Evolution of Plant NLRs: From Natural History to Precise Modifications,2020,tier1,,,Trait Evolution Analysis,,
https://openalex.org/W3160855197,Avian Coloration Genetics: Recent Advances and Emerging Questions,2021,tier1,,,Trait Evolution Analysis,,
https://openalex.org/W3027192977,The origin of domestication genes in goats,2020,tier2,,,Adaptation Inference,,
https://openalex.org/W3192863794,Epigenetics for Crop Improvement in Times of Global Change,2021,tier2,,,Adaptation Inference,,
https://openalex.org/W4205901551,The Emergence of SARS-CoV-2 Variants of Concern Is Driven by Acceleration of the Substitution Rate,2022,tier2,,,Phylogeny Inference,,
https://openalex.org/W4381661616,A host of armor: Prokaryotic immune strategies against mobile genetic elements,2023,tier2,,,Adaptation Inference,,
https://openalex.org/W3021325701,Phylogenomics Reveals Ancient Gene Tree Discordance in the Amphibian Tree of Life,2020,tier1,,,Phylogeny Inference,,
https://openalex.org/W4310071929,Adaptive sequence divergence forged new neurodevelopmental enhancers in humans,2022,tier1,,,Adaptation Inference|Selection Detection,,
https://openalex.org/W3113197882,"<i>Metarhizium</i> : jack of all trades, master of many",2020,tier1,,,Phylogeny Inference|Adaptation Inference,,
https://openalex.org/W3048671222,"Geographical and temporal distribution of SARS-CoV-2 clades in the WHO European Region, January to June 2020",2020,tier2,,,Phylogeny Inference,,
https://openalex.org/W3187374982,Origin and Early Evolution of the Eukaryotic Cell,2021,tier1,,,Phylogeny Inference,,
https://openalex.org/W2982414522,Ageing transcriptome meta-analysis reveals similarities and differences between key mammalian tissues,2021,tier2,,,,,
https://openalex.org/W4206193472,Evolutionary Parasitology,2021,tier1,STRUCTURE,,,,
https://openalex.org/W3081335591,Genome size evolution: towards new model systems for old questions,2020,tier1,,,,,
https://openalex.org/W3002838797,One or two membranes? Diderm Firmicutes challenge the Gram‐positive/Gram‐negative divide,2020,tier2,,,Phylogeny Inference,,
https://openalex.org/W3136772542,Microbial evolution and transitions along the parasite–mutualist continuum,2021,tier2,,,,,
https://openalex.org/W3096491883,Genome-scale phylogeny and contrasting modes of genome evolution in the fungal phylum Ascomycota,2020,tier1,,,Phylogeny Inference,,
https://openalex.org/W4318617997,Natural hybridization reduces vulnerability to climate change,2023,tier2,,,Hybridization / Introgression Detection|Adaptation Inference,,
https://openalex.org/W4220723349,The evolution of brain neuron numbers in amniotes,2022,tier1,,,Trait Evolution Analysis|Phylogeny Inference,,
https://openalex.org/W3185283445,Large-scale protein level comparison of Deltaproteobacteria reveals cohesive metabolic groups,2021,tier2,,,Phylogeny Inference,,
https://openalex.org/W3035031813,Phylogenetic background and habitat drive the genetic diversification of Escherichia coli,2020,tier1,,,Phylogeny Inference|Gene Flow Analysis,,
https://openalex.org/W3019976500,A single-cell atlas of adult Drosophila ovary identifies transcriptional programs and somatic cell lineage regulating oogenesis,2020,tier2,,,,,
https://openalex.org/W3131376036,The Impact of Purifying and Background Selection on the Inference of Population History: Problems and Prospects,2021,tier2,fastsimcoal,Coalescent-based Model|Simulation-based Inference,Demographic History Inference,Coalescent-based Model|Simulation-based Inference,fastsimcoal
https://openalex.org/W3004715820,"Evolution, developmental expression and function of odorant receptors in insects",2020,tier2,,,Trait Evolution Analysis,,
https://openalex.org/W3125341911,Building pan-genome infrastructures for crop plants and their use in association genetics,2021,tier2,,,Comparative Methods,,
https://openalex.org/W3015079544,Applying the core microbiome to understand host–microbe systems,2020,tier2,,,Comparative Methods,,
https://openalex.org/W4389626322,An ANI gap within bacterial species that advances the definitions of intra-species units,2023,tier1,,,Species Delimitation,,
https://openalex.org/W3160568774,Ultrafast Sample placement on Existing tRees (UShER) enables real-time phylogenetics for the SARS-CoV-2 pandemic,2021,tier2,STRUCTURE,,Phylogeny Inference,,
https://openalex.org/W1509118950,Biology of Sharks and Their Relatives,2022,tier2,,,Phylogeny Inference|Biogeography,,
https://openalex.org/W3013112475,Dimensionality reduction reveals fine-scale structure in the Japanese population with consequences for polygenic risk prediction,2020,tier1,STRUCTURE,,Population Structure Analysis|Demographic History Inference,,STRUCTURE
https://openalex.org/W3013176417,Whole genome and phylogenetic analysis of two SARS-CoV-2 strains isolated in Italy in January and February 2020: additional clues on multiple introductions and further circulation in Europe,2020,tier1,,,Phylogeny Inference,,
https://openalex.org/W3047931689,Microbiome-mediated plasticity directs host evolution along several distinct time scales,2020,tier1,,,Adaptation Inference,,
https://openalex.org/W3109395447,Physiological Genomics of Adaptation to High-Altitude Hypoxia,2020,tier2,,,Adaptation Inference,,
https://openalex.org/W3163767046,Mitochondrial DNA as a Molecular Marker in Insect Ecology: Current Status and Future Prospects,2021,tier1,,,Species Delimitation|Phylogeny Inference|Population Structure Analysis,,
https://openalex.org/W3094193948,Diversity and evolution of the P450 family in arthropods,2020,tier1,,,Phylogeny Inference,Maximum Likelihood,
https://openalex.org/W3158172244,A phylogenomic framework for charting the diversity and evolution of giant viruses,2021,tier1,,,Phylogeny Inference,,
https://openalex.org/W3014787643,"Insights into phylogeny, age and evolution of Allium (Amaryllidaceae) based on the whole plastome sequences",2020,tier1,,,Phylogeny Inference|Divergence Time Estimation|Selection Detection,,
https://openalex.org/W3168051882,"A chromosome-level genome assembly of rugged rose (Rosa rugosa) provides insights into its evolution, ecology, and floral characteristics",2021,tier2,,,Comparative Methods|Selection Detection,,
https://openalex.org/W3200894609,The definition of sexual selection,2021,tier2,,,Adaptation Inference,,
https://openalex.org/W3047696772,Roles of the gut microbiota in the adaptive evolution of mammalian species,2020,tier1,,,Adaptation Inference,,
https://openalex.org/W4220666315,Ancient genomes from the Himalayas illuminate the genetic history of Tibetans and their Tibeto-Burman speaking neighbors,2022,tier2,,,Demographic History Inference|Adaptation Inference,,
https://openalex.org/W3107541694,ClipKIT: A multiple sequence alignment trimming software for accurate phylogenomic inference,2020,tier1,,,Phylogeny Inference,,
https://openalex.org/W3089036867,Shaping brain structure: Genetic and phylogenetic axes of macroscale organization of cortical thickness,2020,tier2,STRUCTURE,,,,STRUCTURE
https://openalex.org/W3010808207,Parasitic angiosperms: How often and how many?,2020,tier2,,,Phylogeny Inference,,
https://openalex.org/W3106874121,Fitness variation across subtle environmental perturbations reveals local modularity and global pleiotropy of adaptation,2020,tier1,,,Adaptation Inference,,
https://openalex.org/W3128142453,Causes and Consequences of Bacteriophage Diversification via Genetic Exchanges across Lifestyles and Bacterial Taxa,2021,tier2,,,Gene Flow Analysis,,
https://openalex.org/W3003341178,Genomics in Bacterial Taxonomy: Impact on the Genus Pseudomonas,2020,tier2,,,Phylogeny Inference|Species Delimitation,,
https://openalex.org/W3123998375,Comparative studies on speciation: 30 years since Coyne and Orr,2021,tier1,,,Speciation|Gene Flow Analysis,,
https://openalex.org/W4367173711,Insights into mammalian TE diversity through the curation of 248 genome assemblies,2023,tier1,,,Comparative Methods,,
https://openalex.org/W3107700078,Odorant Receptors for Detecting Flowering Plant Cues Are Functionally Conserved across Moths and Butterflies,2020,tier2,,,Adaptation Inference|Comparative Methods,,
https://openalex.org/W3081667585,"Homoeologous Exchanges, Segmental Allopolyploidy, and Polyploid Genome Evolution",2020,tier1,,,Genome Evolution,,
https://openalex.org/W3045222827,Cross-Species Insights Into Genomic Adaptations to Hypoxia,2020,tier1,,,Adaptation Inference|Selection Detection,,
https://openalex.org/W3141469998,Prokaryotic taxonomy and nomenclature in the age of big sequence data,2021,tier2,,,Phylogeny Inference,,
https://openalex.org/W3129995686,Ancient and recent introgression shape the evolutionary history of pollinator adaptation and speciation in a model monkeyflower radiation (Mimulus section Erythranthe),2021,tier1,,,Hybridization / Introgression Detection|Phylogeny Inference|Adaptation Inference,,
https://openalex.org/W3214389270,Segment number threshold determines juvenile onset of germline cluster expansion in <i>Platynereis dumerilii</i>,2021,tier2,,,,,
https://openalex.org/W3159175200,Mapping single-cell atlases throughout Metazoa unravels cell type evolution,2021,tier1,,,Trait Evolution Analysis,,
https://openalex.org/W3209545809,<scp>PANTHER</scp>: Making genome‐scale phylogenetics accessible to all,2021,tier2,,,Phylogeny Inference,,
https://openalex.org/W4281774004,"Microsporidia: a new taxonomic, evolutionary, and ecological synthesis",2022,tier1,,,Phylogeny Inference|Trait Evolution Analysis,,
https://openalex.org/W4285726620,Genetics of adaptation,2022,tier1,,,Adaptation Inference,,
https://openalex.org/W4229447746,"What Is<i>N</i>e, Anyway?",2022,tier2,,,,,
https://openalex.org/W3042732083,Evolutionary Genomics of Structural Variation in Asian Rice ( <i>Oryza sativa</i> ) Domestication,2020,tier1,,,Domestication|Population Structure Analysis,,
https://openalex.org/W3195445434,Extensive phylogenies of human development inferred from somatic mutations,2021,tier2,,,Phylogeny Inference,,
https://openalex.org/W3190126839,PhyloFisher: A phylogenomic package for resolving eukaryotic relationships,2021,tier1,,,Phylogeny Inference,,
https://openalex.org/W3011081894,Origin and Diversity of Plant Receptor-Like Kinases,2020,tier1,,,Trait Evolution Analysis,,
https://openalex.org/W3037808763,Exploring whole-genome duplicate gene retention with complex genetic interaction analysis,2020,tier2,,,Trait Evolution Analysis,,
https://openalex.org/W3035248535,A high-coverage Neandertal genome from Chagyrskaya Cave,2020,tier2,,,Demographic History Inference,,
https://openalex.org/W3129916067,Plant evolution driven by interactions with symbiotic and pathogenic microbes,2021,tier2,,,Trait Evolution Analysis,,
https://openalex.org/W3096197416,"<i>Wolbachia</i>host shifts: routes, mechanisms, constraints and evolutionary consequences",2020,tier1,,,Gene Flow Analysis,,
https://openalex.org/W3092697065,The<i>Drosophila</i>seminal proteome and its role in postcopulatory sexual selection,2020,tier1,,,Selection Detection,,
https://openalex.org/W4285173471,Evolution and functional diversification of R2R3-MYB transcription factors in plants,2022,tier1,,,Trait Evolution Analysis,,
https://openalex.org/W4322767187,The enormous repetitive Antarctic krill genome reveals environmental adaptations and population insights,2023,tier2,STRUCTURE,,Adaptation Inference|Population Structure Analysis|Demographic History Inference,,STRUCTURE
https://openalex.org/W4390608966,phytools 2.0: an updated R ecosystem for phylogenetic comparative methods (and other things),2024,tier2,,,Trait Evolution Analysis|Comparative Methods,,
https://openalex.org/W3036843213,VolcanoFinder: Genomic scans for adaptive introgression,2020,tier1,,,Adaptation Inference|Hybridization / Introgression Detection,Coalescent-based Model,
https://openalex.org/W3194408081,"Genomic structural variants constrain and facilitate adaptation in natural populations of <i>Theobroma cacao</i> , the chocolate tree",2021,tier1,,,Adaptation Inference,,
https://openalex.org/W3122540149,Polyploidy: an evolutionary and ecological force in stressful times,2020,tier1,,,,,
https://openalex.org/W3028688800,"Ancient genomes from present-day France unveil 7,000 years of its demographic history",2020,tier2,ADMIXTURE,,Demographic History Inference|Gene Flow Analysis,,ADMIXTURE
https://openalex.org/W2999733722,The evolution of mechanisms involved in vertebrate endothermy,2020,tier1,,,Trait Evolution Analysis,,
https://openalex.org/W3215308585,"Covid-19: Omicron may be more transmissible than other variants and partly resistant to existing vaccines, scientists fear",2021,tier2,,,Demographic History Inference,,
https://openalex.org/W3124204293,"Phenotypic and molecular evolution across 10,000 generations in laboratory budding yeast populations",2021,tier1,,,Adaptation Inference,,
https://openalex.org/W3094651023,What Do We Really Know About Adaptation at Range Edges?,2020,tier2,,,Adaptation Inference,,
https://openalex.org/W3043532768,Double-edged sword: The evolutionary consequences of the epigenetic silencing of transposable elements,2020,tier2,,,Gene Flow Analysis|Trait Evolution Analysis,,
https://openalex.org/W4310046323,Feather function and the evolution of birds,2022,tier1,,,Trait Evolution Analysis,,
https://openalex.org/W3158780063,Locally Adaptive Inversions Modulate Genetic Variation at Different Geographic Scales in a Seaweed Fly,2021,tier1,,,Adaptation Inference|Gene Flow Analysis,,
https://openalex.org/W3205442753,The genomic ecosystem of transposable elements in maize,2021,tier2,STRUCTURE,,Comparative Methods,,
https://openalex.org/W3000361107,"A comparison of pedigree, genetic and genomic estimates of relatedness for informing pairing decisions in two critically endangered birds: Implications for conservation breeding programmes worldwide",2020,tier2,,,Population Structure Analysis,,
https://openalex.org/W3041742174,Genomic architectural variation of plant mitochondria—A review of multichromosomal structuring,2020,tier2,STRUCTURE,,Comparative Methods,,
https://openalex.org/W3216873694,Defining and quantifying the core microbiome: Challenges and prospects,2021,tier2,,,,,
https://openalex.org/W3044161677,Phylogeny and Evolution of the Brown Algae,2020,tier2,,,Phylogeny Inference|Biogeography,,
https://openalex.org/W3047286145,Mapping gene flow between ancient hominins through demography-aware inference of the ancestral recombination graph,2020,tier1,,,Hybridization / Introgression Detection|Gene Flow Analysis|Demographic History Inference,Bayesian Inference,
https://openalex.org/W3132644980,The inflated significance of neutral genetic diversity in conservation genetics,2021,tier2,,,,,
https://openalex.org/W3028058903,Evolutionary history and past climate change shape the distribution of genetic diversity in terrestrial mammals,2020,tier1,,,,,
https://openalex.org/W3103754182,Stability of SARS-CoV-2 phylogenies,2020,tier2,STRUCTURE,,Phylogeny Inference,,
https://openalex.org/W4213358058,Polyploid phylogenetics,2021,tier1,,,Phylogeny Inference,,
https://openalex.org/W3042072141,Dense sampling of bird diversity increases power of comparative genomics,2020,tier2,,,Comparative Methods,,
https://openalex.org/W3005785227,Disentangling the impact of environmental and phylogenetic constraints on prokaryotic within-species diversity,2020,tier1,,,Comparative Methods,,
https://openalex.org/W4306252584,Revisionary systematics of Octocorallia (Cnidaria: Anthozoa) guided by phylogenomics,2022,tier2,,,Phylogeny Inference,,
https://openalex.org/W3011864366,The honeysuckle genome provides insight into the molecular mechanism of carotenoid metabolism underlying dynamic flower coloration,2020,tier2,,,,,
https://openalex.org/W3179423943,Ongoing global and regional adaptive evolution of SARS-CoV-2,2021,tier1,,,Adaptation Inference,,
https://openalex.org/W4308266113,"Ecological and functional roles of bacteriophages in contrasting environments: marine, terrestrial and human gut",2022,tier2,,,,,
https://openalex.org/W3182508478,Genomic diversity and ecology of human-associated Akkermansia species in the gut microbiome revealed by extensive metagenomic assembly,2021,tier1,,,Population Structure Analysis,,
https://openalex.org/W3005408857,CUBIC: an atlas of genetic architecture promises directed maize improvement,2020,tier2,,,,,
https://openalex.org/W3006367816,The global spread of 2019-nCoV: a molecular evolutionary analysis,2020,tier1,,,Phylogeny Inference|Biogeography|Divergence Time Estimation,Bayesian Inference,
https://openalex.org/W3032815243,An empirical comparison of population genetic analyses using microsatellite and SNP data for a species of conservation concern,2020,tier1,STRUCTURE,,Population Structure Analysis,,STRUCTURE
https://openalex.org/W3073875730,Adaptation and coordinated evolution of plant hydraulic traits,2020,tier2,,,Trait Evolution Analysis|Adaptation Inference|Comparative Methods,Phylogenetic Comparative Methods (PCM),
https://openalex.org/W3156624423,Conserved genetic signatures parcellate cardinal spinal neuron classes into local and projection subsets,2021,tier2,,,,,
https://openalex.org/W3182837943,"An ancestral recombination graph of human, Neanderthal, and Denisovan genomes",2021,tier1,ADMIXTURE,,Hybridization / Introgression Detection,,ADMIXTURE
https://openalex.org/W3007397157,Synteny-based analyses indicate that sequence divergence is not the main source of orphan genes,2020,tier2,,,Divergence Time Estimation,,
https://openalex.org/W3161708162,Genomic basis of parallel adaptation varies with divergence in <i>Arabidopsis</i> and its relatives,2021,tier1,,,Adaptation Inference,,
https://openalex.org/W4308616062,OrthoDB v11: annotation of orthologs in the widest sampling of organismal diversity,2022,tier2,,,,,
https://openalex.org/W3110696950,Phylogenetic Analysis of SARS-CoV-2 Data Is Difficult,2020,tier1,,,Phylogeny Inference|Species Delimitation,,
https://openalex.org/W4226000574,Nanopore adaptive sampling: a tool for enrichment of low abundance species in metagenomic samples,2022,tier2,,,,,
https://openalex.org/W4389670704,Evolution of neuronal cell classes and types in the vertebrate retina,2023,tier2,,,Trait Evolution Analysis,,
https://openalex.org/W3089213722,"Genes and environments, development and time",2020,tier2,,,,,
https://openalex.org/W3039234910,Bayesian Evaluation of Temporal Signal in Measurably Evolving Populations,2020,tier2,,,Divergence Time Estimation,Bayesian Inference,
https://openalex.org/W3169130294,"&lt;p class=""ZootaxaTitle""&gt;New concepts and methods for phylogenetic taxonomy and nomenclature in zoology, exemplified by a new ranked cladonomy of recent amphibians (Lissamphibia)",2021,tier2,STRUCTURE,,Phylogeny Inference,,
https://openalex.org/W4386369120,"Global Brassicaceae phylogeny based on filtering of 1,000-gene dataset",2023,tier2,,,Phylogeny Inference|Divergence Time Estimation,,
https://openalex.org/W3196442233,Mining museums for historical DNA: advances and challenges in museomics,2021,tier2,,,,,
https://openalex.org/W3138297312,A Roadmap for Genome-Based Phage Taxonomy,2021,tier2,,,,,
https://openalex.org/W3093352013,Parallel ddRAD and Genome Skimming Analyses Reveal a Radiative and Reticulate Evolutionary History of the Temperate Bamboos,2020,tier1,,,Phylogeny Inference|Divergence Time Estimation|Hybridization / Introgression Detection,,
https://openalex.org/W3017216879,Parallelism in eco-morphology and gene expression despite variable evolutionary and genomic backgrounds in a Holarctic fish,2020,tier1,,,Adaptation Inference|Comparative Methods,,
https://openalex.org/W4388534600,How chromosomal inversions reorient the evolutionary process,2023,tier1,,,Adaptation Inference|Selection Detection,,
https://openalex.org/W3108429045,Model and Non-model Insects in Chronobiology,2020,tier2,STRUCTURE,,,,
https://openalex.org/W3194572293,Acute SARS-CoV-2 infections harbor limited within-host diversity and transmit via tight transmission bottlenecks,2021,tier2,,,,,
https://openalex.org/W3107762183,Primate phylogenomics uncovers multiple rapid radiations and ancient interspecific introgression,2020,tier1,,,Phylogeny Inference|Hybridization / Introgression Detection|Divergence Time Estimation,,
https://openalex.org/W3083031381,A Darwinian Laboratory of Multiple Contact Zones,2020,tier1,,,Gene Flow Analysis|Hybridization / Introgression Detection,,
https://openalex.org/W3099124058,Genome Variation Map: a worldwide collection of genome variations across multiple species,2020,tier2,,,,,
https://openalex.org/W3016299625,The Genomics of Human Local Adaptation,2020,tier1,,,Adaptation Inference|Selection Detection,,
https://openalex.org/W3007324177,The Role of Conformational Dynamics and Allostery in Modulating Protein Evolution,2020,tier1,,,Trait Evolution Analysis,,
https://openalex.org/W3146423745,Homopolish: a method for the removal of systematic errors in nanopore sequencing by homologous polishing,2021,tier2,,,,,
https://openalex.org/W3201343058,Ancient genomics reveals tripartite origins of Japanese populations,2021,tier2,,,Demographic History Inference,,
https://openalex.org/W3162057263,A new classification of Cyperaceae (Poales) supported by phylogenomic data,2021,tier2,,,Phylogeny Inference|Comparative Methods,,
https://openalex.org/W3183741867,Spatiotemporal invasion dynamics of SARS-CoV-2 lineage B.1.1.7 emergence,2021,tier2,,,,,
https://openalex.org/W3034934451,Beyond DNA barcoding: The unrealized potential of genome skim data in sample identification,2020,tier2,,,Species Delimitation,,
https://openalex.org/W3022396962,Effects of the COVID-19 pandemic on life scientists,2020,tier2,,,,,
https://openalex.org/W3080967255,Ancient Jomon genome sequence analysis sheds light on migration patterns of early East Asian populations,2020,tier1,,,Demographic History Inference|Phylogeny Inference,,
https://openalex.org/W3031411888,Emergence of SARS-CoV-2 through recombination and strong purifying selection,2020,tier2,,,Selection Detection,,
https://openalex.org/W3184440907,"Reconstruction of proto-vertebrate, proto-cyclostome and proto-gnathostome genomes provides new insights into early vertebrate evolution",2021,tier1,STRUCTURE,,Phylogeny Inference,,STRUCTURE
https://openalex.org/W3097452331,A complex phenotype in salmon controlled by a simple change in migratory timing,2020,tier2,,,Adaptation Inference,,
https://openalex.org/W4378976294,A global catalog of whole-genome diversity from 233 primate species,2023,tier1,,,Phylogeny Inference|Divergence Time Estimation,,
https://openalex.org/W3121486804,Alternative splicing landscapes in Arabidopsis thaliana across tissues and stress conditions highlight major functional differences with animals,2021,tier1,,,,,
https://openalex.org/W659378956,Population Genetics and Microevolutionary Theory,2021,tier1,STRUCTURE,,Population Structure Analysis,,STRUCTURE
https://openalex.org/W3008479721,Predicting the Landscape of Recombination Using Deep Learning,2020,tier1,,,,,
https://openalex.org/W3139367551,The genic view of hybridization in the Anthropocene,2021,tier2,,,Hybridization / Introgression Detection,,
https://openalex.org/W4205681504,Evolution of polygenic traits under global <i>vs</i> local adaptation,2022,tier1,,,Adaptation Inference,,
https://openalex.org/W3199434319,Insights into human history from the first decade of ancient human genomics,2021,tier2,,,Demographic History Inference,,
https://openalex.org/W4205950007,Consequences of Hybridization in Mammals: A Systematic Review,2021,tier1,,,Hybridization / Introgression Detection,,
https://openalex.org/W3017342212,BOLD and GenBank revisited – Do identification errors arise in the lab or in the sequence libraries?,2020,tier2,,,,,
https://openalex.org/W3005235420,IQ-TREE 2: New Models and Efficient Methods for Phylogenetic Inference in the Genomic Era,2020,tier2,IQ-TREE,Maximum Likelihood,Phylogeny Inference,Maximum Likelihood,IQ-TREE
https://openalex.org/W3160025918,Alternative Animal Models of Aging Research,2021,tier1,,,,,
https://openalex.org/W4389132747,Cellular development and evolution of the mammalian cerebellum,2023,tier2,,,Trait Evolution Analysis,,
https://openalex.org/W3176204079,Broad geographic sampling reveals the shared basis and environmental correlates of seasonal adaptation in Drosophila,2021,tier1,,,Adaptation Inference|Population Structure Analysis,,
https://openalex.org/W3188348639,"The Visual Opsin Gene Repertoires of Teleost Fishes: Evolution, Ecology, and Function",2021,tier1,,,Trait Evolution Analysis,,
https://openalex.org/W4307584884,Why can't we predict traits from the environment?,2022,tier2,,,Comparative Methods,,
https://openalex.org/W3048293476,Pathogen resistance may be the principal evolutionary advantage provided by the microbiome,2020,tier2,,,Adaptation Inference,,
https://openalex.org/W3106975553,Assessing ontogenetic maturity in extinct saurian reptiles,2020,tier1,STRUCTURE,,Trait Evolution Analysis,,
https://openalex.org/W3006038767,Recovering signals of ghost archaic introgression in African populations,2020,tier1,,,Hybridization / Introgression Detection,,
https://openalex.org/W4210701812,Deeply conserved synteny and the evolution of metazoan chromosomes,2022,tier1,,,Comparative Methods,,
https://openalex.org/W3164117052,Detecting adaptive introgression in human evolution using convolutional neural networks,2021,tier2,,,Adaptation Inference|Hybridization / Introgression Detection,,
https://openalex.org/W3110169235,Inclusion of variants discovered from diverse populations improves polygenic risk score transferability,2020,tier2,,,Population Structure Analysis,,
https://openalex.org/W3031374097,Venom Systems as Models for Studying the Origin and Regulation of Evolutionary Novelties,2020,tier1,,,Comparative Methods,,
https://openalex.org/W3161034134,Tracking the international spread of SARS-CoV-2 lineages B.1.1.7 and B.1.351/501Y-V2,2021,tier2,,,Biogeography,,
https://openalex.org/W3084301609,Impact of admixture and ancestry on eQTL analysis and GWAS colocalization in GTEx,2020,tier2,ADMIXTURE|STRUCTURE,,Population Structure Analysis,,ADMIXTURE|STRUCTURE
https://openalex.org/W3043763415,Toward a Fully Resolved Fungal Tree of Life,2020,tier2,,,Phylogeny Inference|Species Delimitation,,
https://openalex.org/W3111525365,A global analysis of song frequency in passerines provides no support for the acoustic adaptation hypothesis but suggests a role for sexual selection,2020,tier2,,,Trait Evolution Analysis,,
https://openalex.org/W3138098406,Diversity and functional landscapes in the microbiota of animals in the wild,2021,tier2,STRUCTURE,,Comparative Methods,,STRUCTURE
https://openalex.org/W3048367870,Estimating the genome-wide contribution of selection to temporal allele frequency change,2020,tier2,,,Selection Detection,,
https://openalex.org/W3024872414,Genomic Insights into Plastid Evolution,2020,tier1,,,Phylogeny Inference,,
https://openalex.org/W2999916586,Dating genomic variants and shared ancestry in population-scale sequencing data,2020,tier2,,,Demographic History Inference,,
https://openalex.org/W4283759841,"Characterization, costs, cues and future perspectives of phenotypic plasticity",2022,tier2,,,Trait Evolution Analysis,,
https://openalex.org/W4206409428,Insect Diapause,2022,tier2,,,,,
https://openalex.org/W3080097995,“Epigenetic clocks”: Theory and applications in human biology,2020,tier2,,,,,
https://openalex.org/W3024108179,Nuclear phylogenomic analyses of asterids conflict with plastome trees and support novel relationships among major lineages,2020,tier1,,,Phylogeny Inference,,
https://openalex.org/W3162125475,Endogenous retroviruses in the origins and treatment of cancer,2021,tier2,,,,,
https://openalex.org/W3028632011,Population genetic models of GERP scores suggest pervasive turnover of constrained sites across mammalian evolution,2020,tier1,,,Selection Detection,,
https://openalex.org/W3131612759,"DNA copy number variation: Main characteristics, evolutionary significance, and pathological aspects",2021,tier1,,,,,
https://openalex.org/W3181792462,The Baltimore Classification of Viruses 50 Years Later: How Does It Stand in the Light of Virus Evolution?,2021,tier2,,,,,
https://openalex.org/W4320494454,Deep reticulation: the long legacy of hybridization in vascular plant evolution,2023,tier1,,,Hybridization / Introgression Detection|Phylogeny Inference,,
https://openalex.org/W3161622382,The evolution and changing ecology of the African hominid oral microbiome,2021,tier2,,,Adaptation Inference,,
https://openalex.org/W3020908563,Phenotypic Plasticity: From Theory and Genetics to Current and Future Challenges,2020,tier2,,,Trait Evolution Analysis,,
https://openalex.org/W3014099245,"Frequency, Origins, and Evolutionary Role of Chromosomal Inversions in Plants",2020,tier1,,,Adaptation Inference|Gene Flow Analysis,,
https://openalex.org/W4280649038,Giant <i>Starship</i> Elements Mobilize Accessory Genes in Fungal Genomes,2022,tier1,STRUCTURE,,Adaptation Inference,,STRUCTURE
https://openalex.org/W4210494137,Evolutionary velocity with protein language models predicts evolutionary dynamics of diverse proteins,2022,tier2,,,,,
https://openalex.org/W4205236321,Coevolutionary theory of hosts and parasites,2022,tier1,,,,,
https://openalex.org/W3217739320,Toward a genome sequence for every animal: Where are we now?,2021,tier1,,,,,
https://openalex.org/W2998989016,A Genus Definition for <i>Bacteria</i> and <i>Archaea</i> Based on a Standard Genome Relatedness Index,2020,tier2,,,Species Delimitation,,
https://openalex.org/W3164567439,3D genomics across the tree of life reveals condensin II as a determinant of architecture type,2021,tier2,STRUCTURE,,,,
https://openalex.org/W3164961447,UBCG2: Up-to-date bacterial core genes and pipeline for phylogenomic analysis,2021,tier1,,,Phylogeny Inference,,
https://openalex.org/W3208266771,A connectome of the Drosophila central complex reveals network motifs suitable for flexible navigation and context-dependent action selection,2021,tier2,,,,,
https://openalex.org/W4281561633,Genetic variance in fitness indicates rapid contemporary adaptive evolution in wild animals,2022,tier2,,,Adaptation Inference,,
https://openalex.org/W3022107839,Wheat chromatin architecture is organized in genome territories and transcription factories,2020,tier1,,,,,
https://openalex.org/W4207084580,Comprehensive Species Sampling and Sophisticated Algorithmic Approaches Refute the Monophyly of Arachnida,2022,tier1,,,Phylogeny Inference,,
https://openalex.org/W3046061267,Genomic-based taxonomic classification of the family Erythrobacteraceae,2020,tier2,,,Phylogeny Inference|Species Delimitation,,
https://openalex.org/W3093771475,MolluscDB: an integrated functional and evolutionary genomics database for the hyper-diverse animal phylum Mollusca,2020,tier2,,,,,
https://openalex.org/W3012944241,Evolutionary Trajectory for the Emergence of Novel Coronavirus SARS-CoV-2,2020,tier2,,,,,
https://openalex.org/W3099982573,"A unifying, eco‐physiological framework for animal dormancy",2020,tier2,,,Comparative Methods,,
https://openalex.org/W3210200039,Effects of Selection at Linked Sites on Patterns of Genetic Variability,2021,tier1,,,Selection Detection,,
https://openalex.org/W3117945779,Evolution of fold switching in a metamorphic protein,2020,tier2,,,Trait Evolution Analysis,,
https://openalex.org/W4391100251,Deciphering cell states and genealogies of human haematopoiesis,2024,tier2,STRUCTURE,,Phylogeny Inference,,
https://openalex.org/W3105859013,"The Perfect Storm: Gene Tree Estimation Error, Incomplete Lineage Sorting, and Ancient Gene Flow Explain the Most Recalcitrant Ancient Angiosperm Clade, Malpighiales",2020,tier1,,,Phylogeny Inference|Gene Flow Analysis,Coalescent-based Model,
https://openalex.org/W4221132928,Direct observation of adaptive tracking on ecological time scales in <i>Drosophila</i>,2022,tier1,,,Adaptation Inference,,
https://openalex.org/W3029265305,High quality genome sequences of thirteen Hypoxylaceae (Ascomycota) strengthen the phylogenetic family backbone and enable the discovery of new taxa,2020,tier1,,,Phylogeny Inference|Species Delimitation,,
https://openalex.org/W3167867098,Predicting future from past: The genomic basis of recurrent and rapid stickleback evolution,2021,tier1,,,Adaptation Inference,,
https://openalex.org/W4391997401,Comparative genomics reveals the dynamics of chromosome evolution in Lepidoptera,2024,tier1,,,Comparative Methods,,
https://openalex.org/W3157128367,Threespine Stickleback: A Model System For Evolutionary Genomics,2021,tier1,,,,,
https://openalex.org/W3010627043,"The diversity and distribution of endophytes across biomes, plant phylogeny and host tissues: how far have we come and where do we go from here?",2020,tier2,,,,,
https://openalex.org/W3016662794,Sex Chromosome Evolution: So Many Exceptions to the Rules,2020,tier2,,,,,
https://openalex.org/W3173730881,Haplotype tagging reveals parallel formation of hybrid races in two butterfly species,2021,tier1,,,Hybridization / Introgression Detection,,
https://openalex.org/W3008435731,"Plastome Evolution and Phylogeny of Orchidaceae, With 24 New Sequences",2020,tier1,STRUCTURE,,Phylogeny Inference|Divergence Time Estimation,,
https://openalex.org/W3099945355,"Plastomes of eight Ligusticum species: characterization, genome evolution, and phylogenetic relationships",2020,tier1,,,Phylogeny Inference,,
https://openalex.org/W4378189287,A genome-informed higher rank classification of the biotechnologically important fungal subphylum <i> Saccharomycotina</i>,2023,tier2,,,Phylogeny Inference,,
https://openalex.org/W3194095174,Exploring correlations in genetic and cultural variation across language families in northeast Asia,2021,tier2,,,,,
https://openalex.org/W3125922838,Mechanisms underlying gut microbiota–host interactions in insects,2021,tier2,STRUCTURE,,,,
https://openalex.org/W3083358975,Predicting temperature mortality and selection in natural <i>Drosophila</i> populations,2020,tier2,,,Selection Detection,,
https://openalex.org/W4221042877,"Phylogenomic conflict analyses in the apple genus <i>Malus</i> s.l. reveal widespread hybridization and allopolyploidy driving diversification, with insights into the complex biogeographic history in the Northern Hemisphere",2022,tier1,,,Phylogeny Inference|Biogeography|Hybridization / Introgression Detection,,
https://openalex.org/W2999869862,Tackling Rapid Radiations With Targeted Sequencing,2020,tier1,,,Phylogeny Inference,Maximum Likelihood,
https://openalex.org/W3146196870,Plant NLR diversity: the known unknowns of pan-NLRomes,2021,tier2,,,,,
https://openalex.org/W3007553916,"Origin, Diversity, and Evolution of Telomere Sequences in Plants",2020,tier1,,,Trait Evolution Analysis,,
https://openalex.org/W3037349235,Dynamics of Insect–Microbiome Interaction Influence Host and Microbial Symbiont,2020,tier2,,,,,
https://openalex.org/W3036555894,The lateral plate mesoderm,2020,tier2,,,,,
https://openalex.org/W4308174537,Deleterious Variation in Natural Populations and Implications for Conservation Genetics,2022,tier1,,,,,
https://openalex.org/W3207939327,"The Bogert effect, a factor in evolution",2021,tier2,,,Trait Evolution Analysis|Comparative Methods,,
https://openalex.org/W3003501768,Structural evolution drives diversification of the large LRR‐RLK gene family,2020,tier2,,,Phylogeny Inference,Hidden Markov Models,
https://openalex.org/W3037775055,Leaf reflectance spectra capture the evolutionary history of seed plants,2020,tier2,STRUCTURE,,Phylogeny Inference|Trait Evolution Analysis|Comparative Methods,,STRUCTURE
https://openalex.org/W4327909816,A sampling strategy for genome sequencing the British terrestrial arthropod fauna,2023,tier2,,,,,
https://openalex.org/W3011565822,Toward an Evolutionarily Appropriate Null Model: Jointly Inferring Demography and Purifying Selection,2020,tier1,,,Demographic History Inference|Selection Detection,,
https://openalex.org/W3172652410,Fish pigmentation and coloration: Molecular mechanisms and aquaculture perspectives,2021,tier2,,,Adaptation Inference|Selection Detection,,
https://openalex.org/W4206641739,Why sequence all eukaryotes?,2022,tier2,,,Phylogeny Inference|Adaptation Inference,,
https://openalex.org/W3028202170,The Lifecycle of the Plant Immune System,2020,tier2,,,,,
https://openalex.org/W3018615967,CCMetagen: comprehensive and accurate identification of eukaryotes and prokaryotes in metagenomic data,2020,tier2,,,,,
https://openalex.org/W3199195377,A population-level invasion by transposable elements triggers genome expansion in a fungal pathogen,2021,tier1,,,Adaptation Inference|Demographic History Inference,,
https://openalex.org/W3129515806,The origin of animals: an ancestral reconstruction of the unicellular-to-multicellular transition,2021,tier1,,,Phylogeny Inference,,
https://openalex.org/W3016609678,The evolutionary history and genomics of European blackcap migration,2020,tier1,ADMIXTURE|STRUCTURE,,Population Structure Analysis|Demographic History Inference,,
https://openalex.org/W3170431728,Rooting the Animal Tree of Life,2021,tier2,,,Phylogeny Inference,,
https://openalex.org/W4328049762,Causal effects on complex traits are similar for common variants across segments of different continental ancestries within admixed individuals,2023,tier2,,,,,
https://openalex.org/W3163150242,A Comprehensive Phylogenomic Platform for Exploring the Angiosperm Tree of Life,2021,tier2,,,Phylogeny Inference,,
https://openalex.org/W4293116279,The origins and molecular evolution of SARS-CoV-2 lineage B.1.1.7 in the UK,2022,tier1,,,Phylogeny Inference,,
https://openalex.org/W3042122970,Recent Demographic History Inferred by High-Resolution Analysis of Linkage Disequilibrium,2020,tier2,ADMIXTURE,,Demographic History Inference,,ADMIXTURE
https://openalex.org/W3019415451,Performing Highly Efficient Genome Scans for Local Adaptation with R Package pcadapt Version 4,2020,tier2,,,Adaptation Inference,,
https://openalex.org/W3088101909,Genomic Features of Parthenogenetic Animals,2020,tier1,,,,,
https://openalex.org/W3135025442,High-Altitude Adaptation: Mechanistic Insights from Integrated Genomics and Physiology,2021,tier2,,,Adaptation Inference,,
https://openalex.org/W3106204292,Genetic admixture in Brazil,2020,tier2,ADMIXTURE,,Population Structure Analysis|Gene Flow Analysis,,ADMIXTURE
https://openalex.org/W3023051623,A consensus phylogenomic approach highlights paleopolyploid and rapid radiation in the history of Ericales,2020,tier1,,,Phylogeny Inference,,
https://openalex.org/W3043453458,Detection of Plant Viruses and Disease Management: Relevance of Genetic Diversity and Evolution,2020,tier2,,,,,
https://openalex.org/W3043527810,CeMbio - The <i>Caenorhabditis elegans</i> Microbiome Resource,2020,tier2,,,,,
https://openalex.org/W3202168308,Prevalence and Adaptive Impact of Introgression,2021,tier1,,,Adaptation Inference|Hybridization / Introgression Detection,,
https://openalex.org/W3008209667,The origin of animal body plans: a view from fossil evidence and the regulatory genome,2020,tier1,,,,,
https://openalex.org/W4225129690,DNA methylation: a historical perspective,2022,tier2,,,,,
https://openalex.org/W3194895608,The Gene's-Eye View of Evolution,2021,tier1,,,,,
https://openalex.org/W3024064700,Natural hybridization reveals incompatible alleles that cause melanoma in swordtail fish,2020,tier2,ADMIXTURE,,Hybridization / Introgression Detection,,ADMIXTURE
https://openalex.org/W3107101620,Fluctuating optimum and temporally variable selection on breeding date in birds and mammals,2020,tier2,,,Selection Detection,,
https://openalex.org/W3002832353,Where Are We With Human Lice? A Review of the Current State of Knowledge,2020,tier1,,,Phylogeny Inference,,
https://openalex.org/W3011613560,The evolutionary origins of the cat attractant nepetalactone in catnip,2020,tier2,,,,,
https://openalex.org/W3022164816,"Hermaphroditism in fishes: an annotated list of species, phylogeny, and mating system",2020,tier2,,,Phylogeny Inference|Trait Evolution Analysis,,
https://openalex.org/W3002194232,Gene content evolution in the arthropods,2020,tier1,,,Trait Evolution Analysis|Phylogeny Inference,,
https://openalex.org/W3200130214,Tracking the international spread of SARS-CoV-2 lineages B.1.1.7 and B.1.351/501Y-V2 with grinch,2021,tier2,,,,,
https://openalex.org/W3195370685,The microbiome extends host evolutionary potential,2021,tier1,,,,,
https://openalex.org/W3089959412,The ancient wave of polyploidization events in flowering plants and their facilitated adaptation to environmental stress,2020,tier2,,,Adaptation Inference,,
https://openalex.org/W3004293435,Phylogenomic Insights into Deep Phylogeny of Angiosperms Based on Broad Nuclear Gene Sampling,2020,tier1,,,Phylogeny Inference|Divergence Time Estimation,Coalescent-based Model,
https://openalex.org/W4206621711,Species divergence with gene flow and hybrid speciation on the Qinghai–Tibet Plateau,2022,tier2,,,Species Delimitation|Hybridization / Introgression Detection|Gene Flow Analysis,,
https://openalex.org/W4313611824,"<i>cis</i>-Regulatory Elements in Plant Development, Adaptation, and Evolution",2023,tier2,,,Adaptation Inference|Trait Evolution Analysis,,
https://openalex.org/W4393035934,Update on the proposed minimal standards for the use of genome data for the taxonomy of prokaryotes,2024,tier2,,,,,
https://openalex.org/W3010020071,On the origin and continuing evolution of SARS-CoV-2,2020,tier1,,,Selection Detection|Phylogeny Inference,,
https://openalex.org/W4206495906,Sequestration of Plant Defense Compounds by Insects: From Mechanisms to Insect–Plant Coevolution,2022,tier2,,,Adaptation Inference,,
https://openalex.org/W4313250582,Truvari: refined structural variant comparison preserves allelic diversity,2022,tier1,,,,,
https://openalex.org/W3042958967,Gene Loss Predictably Drives Evolutionary Adaptation,2020,tier2,,,Adaptation Inference,,
https://openalex.org/W3040709534,Unambiguous identification of fungi: where do we stand and how accurate and precise is fungal DNA barcoding?,2020,tier1,,,Species Delimitation|Phylogeny Inference,,
https://openalex.org/W3005090698,Assortative Mating in Hybrid Zones Is Remarkably Ineffective in Promoting Speciation,2020,tier1,,,Hybridization / Introgression Detection,,
https://openalex.org/W4220825103,Biomineralization: Integrating mechanism and evolutionary history,2022,tier2,,,,,
https://openalex.org/W3016350077,Genetic and metabolic links between the murine microbiome and memory,2020,tier2,,,,,
https://openalex.org/W3110382400,Ecological adaptation in Atlantic herring is associated with large shifts in allele frequencies at hundreds of loci,2020,tier2,,,Adaptation Inference,,
https://openalex.org/W4280570469,Epistatic drift causes gradual decay of predictability in protein evolution,2022,tier2,,,Trait Evolution Analysis,,
https://openalex.org/W4382893389,An Atlas of Variant Effects to understand the genome at nucleotide resolution,2023,tier2,,,,,
https://openalex.org/W4221082304,"The Expanding Role of DNA Barcodes: Indispensable Tools for Ecology, Evolution, and Conservation",2022,tier2,,,,,
https://openalex.org/W4226261637,Best practices in metabarcoding of fungi: From experimental design to results,2022,tier2,STRUCTURE,,,,
https://openalex.org/W4294001681,"A compendium of 32,277 metagenome-assembled genomes and over 80 million genes from the early-life human gut microbiome",2022,tier2,,,,,
https://openalex.org/W3033359651,Within-Host Viral Diversity: A Window into Viral Evolution,2020,tier1,,,Adaptation Inference,,
https://openalex.org/W3017309630,Comparative analyses of the V4 and V9 regions of 18S rDNA for the extant eukaryotic community using the Illumina platform,2020,tier2,,,Phylogeny Inference|Comparative Methods,,
https://openalex.org/W2998988705,Rearrangement and evolution of mitochondrial genomes in Thysanoptera (Insecta),2020,tier2,,,Phylogeny Inference|Trait Evolution Analysis,,
https://openalex.org/W3011413344,Insights into human genetic variation and population history from 929 diverse genomes,2020,tier1,,,Demographic History Inference,,
https://openalex.org/W3007671504,Genomic evidence for two phylogenetic species and long-term population bottlenecks in red pandas,2020,tier1,,,Species Delimitation|Demographic History Inference,,
https://openalex.org/W4210670259,Exploring the Natural Origins of SARS-CoV-2 in the Light of Recombination,2022,tier1,,,Phylogeny Inference|Hybridization / Introgression Detection,,
https://openalex.org/W3197386930,Epigenetics: a catalyst of plant immunity against pathogens,2021,tier2,,,,,
https://openalex.org/W3158509501,Fossil apes and human evolution,2021,tier1,,,,,
https://openalex.org/W3009215254,Horizontal Gene Transfer and Endophytes: An Implication for the Acquisition of Novel Traits,2020,tier1,,,,,
https://openalex.org/W3015968582,Evolution of male pregnancy associated with remodeling of canonical vertebrate immunity in seahorses and pipefishes,2020,tier2,,,,,
https://openalex.org/W3015363306,Insights into the Diversification and Evolution of R2R3-MYB Transcription Factors in Plants,2020,tier2,,,Phylogeny Inference,,
https://openalex.org/W3014077108,Phylogeny and Functions of LOB Domain Proteins in Plants,2020,tier2,,,Phylogeny Inference,,
https://openalex.org/W3184992463,"A nuclear phylogenomic study of the angiosperm order Myrtales, exploring the potential and limitations of the universal Angiosperms353 probe set",2021,tier1,,,Phylogeny Inference,,
https://openalex.org/W4387410180,The pan-genome and local adaptation of Arabidopsis thaliana,2023,tier2,,,Adaptation Inference,,
https://openalex.org/W3122533633,"Phylogenomics, Origin, and Diversification of Anthozoans (Phylum Cnidaria)",2020,tier2,,,Phylogeny Inference|Divergence Time Estimation,,
https://openalex.org/W3200472081,Social evolution in mammals,2021,tier1,,,Trait Evolution Analysis,,
https://openalex.org/W3087838915,Chromosome-Scale Genome Assemblies of Aphids Reveal Extensively Rearranged Autosomes and Long-Term Conservation of the X Chromosome,2020,tier2,STRUCTURE,,,,STRUCTURE
https://openalex.org/W4213436894,A unified genealogy of modern and ancient genomes,2022,tier2,,,Demographic History Inference,,
https://openalex.org/W3133503807,Development and Molecular Genetics of<i>Marchantia polymorpha</i>,2021,tier1,,,Trait Evolution Analysis,,
https://openalex.org/W3088172122,The evolutionary history of Neanderthal and Denisovan Y chromosomes,2020,tier1,,,Hybridization / Introgression Detection,,
